净值日期,单位净值,日增长率
2017-02-10,1.0,0.0
2017-02-17,0.9997,0.0
2017-02-24,1.0122,0.0
2017-03-03,0.9979,0.0
2017-03-10,0.9828,0.0
2017-03-16,0.9969,0.0
2017-03-17,0.9856,-1.1335
2017-03-20,0.982,-0.3653
2017-03-21,0.984,0.2037
2017-03-22,0.978,-0.6098
2017-03-23,0.98,0.2045
2017-03-24,0.9854,0.551
2017-03-27,0.9829,-0.2537
2017-03-28,0.9807,-0.2238
2017-03-29,0.9793,-0.1428
2017-03-30,0.9736,-0.582
2017-03-31,0.978,0.4519
2017-04-05,0.9924,1.4724
2017-04-06,0.9945,0.2116
2017-04-07,0.9952,0.0704
2017-04-10,0.99,-0.5225
2017-04-11,0.9936,0.3636
2017-04-12,0.9907,-0.2919
2017-04-13,0.9926,0.1918
2017-04-14,0.983,-0.9672
2017-04-17,0.9809,-0.2136
2017-04-18,0.9759,-0.5097
2017-04-19,0.9712,-0.4816
2017-04-20,0.9749,0.381
2017-04-21,0.9765,0.1641
2017-04-24,0.9642,-1.2596
2017-04-25,0.9684,0.4356
2017-04-26,0.97,0.1652
2017-04-27,0.9709,0.0928
2017-04-28,0.9694,-0.1545
2017-05-02,0.966,-0.3507
2017-05-03,0.9632,-0.2899
2017-05-04,0.9601,-0.3218
2017-05-05,0.9526,-0.7812
2017-05-08,0.9419,-1.1232
2017-05-09,0.9419,0.0
2017-05-10,0.9368,-0.5415
2017-05-11,0.9417,0.5231
2017-05-12,0.9479,0.6584
2017-05-15,0.9524,0.4747
2017-05-16,0.9636,1.176
2017-05-17,0.9588,-0.4981
2017-05-18,0.9555,-0.3442
2017-05-19,0.9567,0.1256
2017-05-22,0.9578,0.115
2017-05-23,0.9584,0.0626
2017-05-24,0.9601,0.1774
2017-05-25,0.9753,1.5832
2017-05-26,0.9734,-0.1948
2017-05-31,0.9766,0.3287
2017-06-01,0.9754,-0.1229
2017-06-02,0.9749,-0.0513
2017-06-05,0.9725,-0.2462
2017-06-06,0.9799,0.7609
2017-06-07,0.9925,1.2858
2017-06-08,0.9998,0.7355
2017-06-09,1.0043,0.4501
2017-06-12,1.0042,-0.01
2017-06-13,1.0088,0.4581
2017-06-14,0.9985,-1.021
2017-06-15,0.9988,0.03
2017-06-16,0.9976,-0.1201
2017-06-19,1.0075,0.9924
2017-06-20,1.0071,-0.0397
2017-06-21,1.0186,1.1419
2017-06-22,1.0164,-0.216
2017-06-23,1.0272,1.0626
2017-06-26,1.0419,1.4311
2017-06-27,1.0426,0.0672
2017-06-28,1.0353,-0.7002
2017-06-29,1.0422,0.6665
2017-06-30,1.0422,0.0
2017-07-03,1.0381,-0.3934
2017-07-04,1.0312,-0.6647
2017-07-05,1.0429,1.1346
2017-07-06,1.0436,0.0671
2017-07-07,1.0453,0.1629
2017-07-10,1.0433,-0.1913
2017-07-11,1.0471,0.3642
2017-07-12,1.045,-0.2006
2017-07-13,1.0526,0.7273
2017-07-14,1.0558,0.304
2017-07-17,1.0403,-1.4681
2017-07-18,1.0439,0.3461
2017-07-19,1.063,1.8297
2017-07-20,1.0686,0.5268
2017-07-21,1.0654,-0.2995
2017-07-24,1.0695,0.3848
2017-07-25,1.0634,-0.5704
2017-07-26,1.0596,-0.3573
2017-07-27,1.062,0.2265
2017-07-28,1.0661,0.3861
2017-07-31,1.0725,0.6003
2017-08-01,1.0792,0.6247
2017-08-02,1.0768,-0.2224
2017-08-03,1.069,-0.7244
2017-08-04,1.063,-0.5613
2017-08-07,1.069,0.5644
2017-08-08,1.0711,0.1964
2017-08-09,1.0729,0.1681
2017-08-10,1.0687,-0.3915
2017-08-11,1.0487,-1.8714
2017-08-14,1.0631,1.3731
2017-08-15,1.0655,0.2258
2017-08-16,1.0646,-0.0845
2017-08-17,1.07,0.5072
2017-08-18,1.0699,-0.0093
2017-08-21,1.0751,0.486
2017-08-22,1.076,0.0837
2017-08-23,1.0759,-0.0093
2017-08-24,1.0705,-0.5019
2017-08-25,1.0858,1.4292
2017-08-28,1.101,1.3999
2017-08-29,1.0988,-0.1998
2017-08-30,1.1003,0.1365
2017-08-31,1.0987,-0.1454
2017-09-01,1.102,0.3004
2017-09-04,1.1064,0.3993
2017-09-05,1.1093,0.2621
2017-09-06,1.1081,-0.1082
2017-09-07,1.1036,-0.4061
2017-09-08,1.1029,-0.0634
2017-09-11,1.1054,0.2267
2017-09-12,1.1072,0.1628
2017-09-13,1.1102,0.271
2017-09-14,1.1077,-0.2252
2017-09-15,1.1084,0.0632
2017-09-18,1.1141,0.5143
2017-09-19,1.1095,-0.4129
2017-09-20,1.1147,0.4687
2017-09-21,1.1122,-0.2243
2017-09-22,1.1123,0.009
2017-09-25,1.1049,-0.6653
2017-09-26,1.1067,0.1629
2017-09-27,1.1097,0.2711
2017-09-28,1.11,0.027
2017-09-29,1.1141,0.3694
2017-10-09,1.128,1.2476
2017-10-10,1.1303,0.2039
2017-10-11,1.1342,0.345
2017-10-12,1.1366,0.2116
2017-10-13,1.1413,0.4135
2017-10-16,1.1379,-0.2979
2017-10-17,1.1381,0.0176
2017-10-18,1.1457,0.6678
2017-10-19,1.141,-0.4102
2017-10-20,1.141,0.0
2017-10-23,1.1439,0.2542
2017-10-24,1.1528,0.778
2017-10-25,1.159,0.5378
2017-10-26,1.1645,0.4745
2017-10-27,1.17,0.4723
2017-10-30,1.1661,-0.3333
2017-10-31,1.1671,0.0858
2017-11-01,1.1647,-0.2056
2017-11-02,1.1638,-0.0773
2017-11-03,1.161,-0.2406
2017-11-06,1.1717,0.9216
2017-11-07,1.1816,0.8449
2017-11-08,1.1801,-0.1269
2017-11-09,1.1897,0.8135
2017-11-10,1.2006,0.9162
2017-11-13,1.2058,0.4331
2017-11-14,1.1971,-0.7215
2017-11-15,1.1882,-0.7435
2017-11-16,1.1967,0.7154
2017-11-17,1.1955,-0.1003
2017-11-20,1.204,0.711
2017-11-21,1.2261,1.8355
2017-11-22,1.2274,0.106
2017-11-23,1.191,-2.9656
2017-11-24,1.1917,0.0588
2017-11-27,1.174,-1.4853
2017-11-28,1.1783,0.3663
2017-11-29,1.1772,-0.0934
2017-11-30,1.1629,-1.2147
2017-12-01,1.1621,-0.0688
2017-12-04,1.1686,0.5593
2017-12-05,1.1704,0.154
2017-12-06,1.1647,-0.487
2017-12-07,1.1512,-1.1591
2017-12-08,1.1623,0.9642
2017-12-11,1.182,1.6949
2017-12-12,1.1677,-1.2098
2017-12-13,1.1785,0.9249
2017-12-14,1.1717,-0.577
2017-12-15,1.1583,-1.1436
2017-12-18,1.1605,0.1899
2017-12-19,1.1738,1.1461
2017-12-20,1.1715,-0.1959
2017-12-21,1.1837,1.0414
2017-12-22,1.1813,-0.2028
2017-12-25,1.1777,-0.3047
2017-12-26,1.1803,0.2208
2017-12-27,1.164,-1.381
2017-12-28,1.1731,0.7818
2017-12-29,1.1765,0.2898
2017-12-31,1.1763,0.0
2018-01-02,1.193,1.4025
2018-01-03,1.2001,0.5951
2018-01-04,1.2068,0.5583
2018-01-05,1.2095,0.2237
2018-01-08,1.2171,0.6284
2018-01-09,1.2271,0.8216
2018-01-10,1.2314,0.3504
2018-01-11,1.23,-0.1137
2018-01-12,1.2359,0.4797
2018-01-15,1.2352,-0.0566
2018-01-16,1.2447,0.7691
2018-01-17,1.2384,-0.5061
2018-01-18,1.2444,0.4845
2018-01-19,1.2469,0.2009
2018-01-22,1.2639,1.3634
2018-01-23,1.2735,0.7596
2018-01-24,1.2738,0.0236
2018-01-25,1.2679,-0.4632
2018-01-26,1.2723,0.347
2018-01-29,1.2495,-1.792
2018-01-30,1.237,-1.0004
2018-01-31,1.2407,0.2991
2018-02-01,1.2287,-0.9672
2018-02-02,1.2373,0.6999
2018-02-05,1.2367,-0.0485
2018-02-06,1.199,-3.0484
2018-02-07,1.1718,-2.2686
2018-02-08,1.1659,-0.5035
2018-02-09,1.1172,-4.177
2018-02-12,1.1354,1.6291
2018-02-13,1.1476,1.0745
2018-02-14,1.1574,0.854
2018-02-22,1.1821,2.1341
2018-02-23,1.1861,0.3384
2018-02-26,1.2012,1.2731
2018-02-27,1.1826,-1.5485
2018-02-28,1.1737,-0.7526
2018-03-01,1.1813,0.6475
2018-03-02,1.1715,-0.8296
2018-03-05,1.1697,-0.1536
2018-03-06,1.1849,1.2995
2018-03-07,1.1744,-0.8862
2018-03-08,1.1876,1.124
2018-03-09,1.197,0.7915
2018-03-12,1.2036,0.5514
2018-03-13,1.1935,-0.8391
2018-03-14,1.1894,-0.3435
2018-03-15,1.196,0.5549
2018-03-16,1.1842,-0.9866
2018-03-19,1.1861,0.1604
2018-03-20,1.1857,-0.0337
2018-03-21,1.1784,-0.6157
2018-03-22,1.1629,-1.3153
2018-03-23,1.1329,-2.5798
2018-03-26,1.1232,-0.8562
2018-03-27,1.1287,0.4897
2018-03-28,1.1072,-1.9048
2018-03-29,1.1265,1.7431
2018-03-30,1.1273,0.071
2018-04-02,1.1223,-0.4435
2018-04-03,1.1164,-0.5257
2018-04-04,1.1159,-0.0448
2018-04-09,1.1135,-0.2151
2018-04-10,1.1377,2.1733
2018-04-11,1.1401,0.211
2018-04-12,1.1292,-0.9561
2018-04-13,1.1237,-0.4871
2018-04-16,1.1056,-1.6108
2018-04-17,1.0917,-1.2572
2018-04-18,1.0928,0.1008
2018-04-19,1.1069,1.2903
2018-04-20,1.0942,-1.1473
2018-04-23,1.0971,0.265
2018-04-24,1.1194,2.0326
2018-04-25,1.1138,-0.5003
2018-04-26,1.0956,-1.634
2018-04-27,1.0953,-0.0274
2018-05-02,1.0982,0.2648
2018-05-03,1.1086,0.947
2018-05-04,1.1051,-0.3157
2018-05-07,1.1225,1.5745
2018-05-08,1.1355,1.1581
2018-05-09,1.1351,-0.0352
2018-05-10,1.1407,0.4933
2018-05-11,1.1348,-0.5172
2018-05-14,1.1443,0.8372
2018-05-15,1.1479,0.3146
2018-05-16,1.1397,-0.7143
2018-05-17,1.1334,-0.5528
2018-05-18,1.1433,0.8735
2018-05-21,1.1489,0.4898
2018-05-22,1.1439,-0.4352
2018-05-23,1.1275,-1.4337
2018-05-24,1.1197,-0.6918
2018-05-25,1.1186,-0.0982
2018-05-28,1.1256,0.6258
2018-05-29,1.1199,-0.5064
2018-05-30,1.0972,-2.027
2018-05-31,1.1189,1.9778
2018-06-01,1.112,-0.6167
2018-06-04,1.1275,1.3939
2018-06-05,1.1389,1.0111
2018-06-06,1.1359,-0.2634
2018-06-07,1.1365,0.0528
2018-06-08,1.1207,-1.3902
2018-06-11,1.125,0.3837
2018-06-12,1.1392,1.2622
2018-06-13,1.1319,-0.6408
2018-06-14,1.1284,-0.3092
2018-06-15,1.1274,-0.0886
2018-06-19,1.0917,-3.1666
2018-06-20,1.0947,0.2748
2018-06-21,1.0869,-0.7125
2018-06-22,1.0908,0.3588
2018-06-25,1.075,-1.4485
2018-06-26,1.0627,-1.1442
2018-06-27,1.0418,-1.9667
2018-06-28,1.0319,-0.9503
2018-06-29,1.0569,2.4227
2018-06-30,1.0562,0.0
2018-07-02,1.0219,-3.3116
2018-07-03,1.0247,0.274
2018-07-04,1.0114,-1.2979
2018-07-05,1.0036,-0.7712
2018-07-06,1.0101,0.6477
2018-07-09,1.0363,2.5938
2018-07-10,1.0393,0.2895
2018-07-11,1.0219,-1.6742
2018-07-12,1.0453,2.2899
2018-07-13,1.0493,0.3827
2018-07-16,1.0429,-0.6099
2018-07-17,1.0374,-0.5274
2018-07-18,1.0314,-0.5784
2018-07-19,1.0309,-0.0485
2018-07-20,1.0493,1.7848
2018-07-23,1.0582,0.8482
2018-07-24,1.0752,1.6065
2018-07-25,1.0725,-0.2511
2018-07-26,1.0597,-1.1935
2018-07-27,1.058,-0.1604
2018-07-30,1.0595,0.1418
2018-07-31,1.0619,0.2265
2018-08-01,1.0385,-2.2036
2018-08-02,1.0169,-2.0799
2018-08-03,0.9964,-2.0159
2018-08-06,0.9852,-1.124
2018-08-07,1.015,3.0248
2018-08-08,0.9986,-1.6158
2018-08-09,1.0228,2.4234
2018-08-10,1.0244,0.1564
2018-08-13,1.0195,-0.4783
2018-08-14,1.0152,-0.4218
2018-08-15,0.9909,-2.3936
2018-08-16,0.9868,-0.4138
2018-08-17,0.9751,-1.1857
2018-08-20,0.9874,1.2614
2018-08-21,1.0049,1.7723
2018-08-22,0.9989,-0.5971
2018-08-23,1.002,0.3103
2018-08-24,1.0019,-0.01
2018-08-27,1.0257,2.3755
2018-08-28,1.0232,-0.2437
2018-08-29,1.0182,-0.4887
2018-08-30,1.0095,-0.8544
2018-08-31,1.0044,-0.5052
2018-09-03,1.0007,-0.3684
2018-09-04,1.0117,1.0992
2018-09-05,0.9908,-2.0658
2018-09-06,0.9819,-0.8983
2018-09-07,0.9878,0.6009
2018-09-10,0.9751,-1.2857
2018-09-11,0.9692,-0.6051
2018-09-12,0.9636,-0.5778
2018-09-13,0.9724,0.9132
2018-09-14,0.9756,0.3291
2018-09-17,0.9644,-1.148
2018-09-18,0.9852,2.1568
2018-09-19,0.9974,1.2383
2018-09-20,0.9971,-0.0301
2018-09-21,1.028,3.099
2018-09-25,1.0206,-0.7198
2018-09-26,1.0295,0.872
2018-09-27,1.0274,-0.204
2018-09-28,1.0383,1.0609
2018-10-08,0.9935,-4.3147
2018-10-09,0.9955,0.2013
2018-10-10,0.9941,-0.1406
2018-10-11,0.9482,-4.6172
2018-10-12,0.9633,1.5925
2018-10-15,0.9456,-1.8374
2018-10-16,0.9372,-0.8883
2018-10-17,0.9446,0.7896
2018-10-18,0.9206,-2.5408
2018-10-19,0.9483,3.0089
2018-10-22,0.9862,3.9966
2018-10-23,0.9588,-2.7783
2018-10-24,0.9613,0.2607
2018-10-25,0.9637,0.2497
2018-10-26,0.9614,-0.2387
2018-10-29,0.9344,-2.8084
2018-10-30,0.9422,0.8348
2018-10-31,0.9531,1.1569
2018-11-01,0.9582,0.5351
2018-11-02,0.9868,2.9848
2018-11-05,0.978,-0.8918
2018-11-06,0.9731,-0.501
2018-11-07,0.9684,-0.483
2018-11-08,0.9686,0.0207
2018-11-09,0.9556,-1.3421
2018-11-12,0.9674,1.2348
2018-11-13,0.976,0.889
2018-11-14,0.9677,-0.8504
2018-11-15,0.9778,1.0437
2018-11-16,0.9804,0.2659
2018-11-19,0.9912,1.1016
2018-11-20,0.9709,-2.048
2018-11-21,0.9752,0.4429
2018-11-22,0.9714,-0.3897
2018-11-23,0.95,-2.203
2018-11-26,0.9488,-0.1263
2018-11-27,0.9484,-0.0422
2018-11-28,0.9583,1.0439
2018-11-29,0.9471,-1.1687
2018-11-30,0.9571,1.0559
2018-12-03,0.9804,2.4344
2018-12-04,0.9812,0.0816
2018-12-05,0.9761,-0.5198
2018-12-06,0.9586,-1.7928
2018-12-07,0.959,0.0417
2018-12-10,0.9469,-1.2617
2018-12-11,0.9509,0.4224
2018-12-12,0.9541,0.3365
2018-12-13,0.9681,1.4674
2018-12-14,0.9533,-1.5288
2018-12-17,0.953,-0.0315
2018-12-18,0.9438,-0.9654
2018-12-19,0.9352,-0.9112
2018-12-20,0.9285,-0.7164
2018-12-21,0.9199,-0.9262
2018-12-24,0.9216,0.1848
2018-12-25,0.9162,-0.5859
2018-12-26,0.9132,-0.3274
2018-12-27,0.9097,-0.3833
2018-12-28,0.9151,0.5936
2018-12-31,0.9146,0.0
2019-01-02,0.9022,-1.4097
2019-01-03,0.8999,-0.2549
2019-01-04,0.9181,2.0224
2019-01-07,0.9219,0.4139
2019-01-08,0.9195,-0.2603
2019-01-09,0.93,1.1419
2019-01-10,0.929,-0.1075
2019-01-11,0.9355,0.6997
2019-01-14,0.9279,-0.8124
2019-01-15,0.9452,1.8644
2019-01-16,0.9467,0.1587
2019-01-17,0.9425,-0.4436
2019-01-18,0.9591,1.7613
2019-01-21,0.9632,0.4275
2019-01-22,0.9527,-1.0901
2019-01-23,0.9534,0.0735
2019-01-24,0.9578,0.4615
2019-01-25,0.9648,0.7308
2019-01-28,0.9654,0.0622
2019-01-29,0.9703,0.5076
2019-01-30,0.9627,-0.7833
2019-01-31,0.9724,1.0076
2019-02-01,0.9826,1.049
2019-02-11,0.999,1.669
2019-02-12,1.0061,0.7107
2019-02-13,1.0211,1.4909
2019-02-14,1.023,0.1861
2019-02-15,1.0052,-1.74
2019-02-18,1.0396,3.4222
2019-02-19,1.037,-0.2501
2019-02-20,1.0399,0.2797
2019-02-21,1.0347,-0.5
2019-02-22,1.0496,1.44
2019-02-25,1.1058,5.3544
2019-02-26,1.0929,-1.1666
2019-02-27,1.0939,0.0915
2019-02-28,1.0952,0.1188
2019-03-01,1.1171,1.9996
2019-03-04,1.1318,1.3159
2019-03-05,1.1395,0.6803
2019-03-06,1.1484,0.781
2019-03-07,1.1359,-1.0885
2019-03-08,1.0933,-3.7503
2019-03-11,1.1151,1.994
2019-03-12,1.1222,0.6367
2019-03-13,1.1175,-0.4188
2019-03-14,1.1114,-0.5459
2019-03-15,1.1269,1.3946
2019-03-18,1.1591,2.8574
2019-03-19,1.1546,-0.3882
2019-03-20,1.1559,0.1126
2019-03-21,1.1558,-0.0087
2019-03-22,1.1577,0.1644
2019-03-25,1.1314,-2.2717
2019-03-26,1.1206,-0.9546
2019-03-27,1.1369,1.4546
2019-03-28,1.1293,-0.6685
2019-03-29,1.1684,3.4623
2019-04-01,1.1977,2.5077
2019-04-02,1.196,-0.1419
2019-04-03,1.2136,1.4716
2019-04-04,1.2257,0.997
2019-04-08,1.2284,0.2203
2019-04-09,1.2341,0.464
2019-04-10,1.2392,0.4133
2019-04-11,1.2135,-2.0739
2019-04-12,1.212,-0.1236
2019-04-15,1.2096,-0.198
2019-04-16,1.2414,2.629
2019-04-17,1.2438,0.1933
2019-04-18,1.2423,-0.1206
2019-04-19,1.2543,0.966
2019-04-22,1.2276,-2.1287
2019-04-23,1.2237,-0.3177
2019-04-24,1.2257,0.1634
2019-04-25,1.2008,-2.0315
2019-04-26,1.1855,-1.2742
2019-04-29,1.1903,0.4049
2019-04-30,1.1973,0.5881
2019-05-06,1.1284,-5.7546
2019-05-07,1.1402,1.0457
2019-05-08,1.1254,-1.298
2019-05-09,1.1086,-1.4928
2019-05-10,1.1439,3.1842
2019-05-13,1.1273,-1.4512
2019-05-14,1.1228,-0.3992
2019-05-15,1.147,2.1553
2019-05-16,1.152,0.4359
2019-05-17,1.1236,-2.4653
2019-05-20,1.1149,-0.7743
2019-05-21,1.1289,1.2557
2019-05-22,1.1227,-0.5492
2019-05-23,1.1049,-1.5855
2019-05-24,1.1078,0.2625
2019-05-27,1.1234,1.4082
2019-05-28,1.1321,0.7744
2019-05-29,1.1306,-0.1325
2019-05-30,1.1245,-0.5395
2019-05-31,1.1216,-0.2579
2019-06-03,1.1199,-0.1516
2019-06-04,1.1103,-0.8572
2019-06-05,1.1107,0.036
2019-06-06,1.1009,-0.8823
2019-06-10,1.1116,0.9719
2019-06-11,1.1439,2.9057
2019-06-12,1.1349,-0.7868
2019-06-13,1.1336,-0.1145
2019-06-14,1.1233,-0.9086
2019-06-17,1.1252,0.1691
2019-06-18,1.1274,0.1955
2019-06-19,1.142,1.295
2019-06-20,1.1739,2.7933
2019-06-21,1.1775,0.3067
2019-06-24,1.1793,0.1529
2019-06-25,1.169,-0.8734
2019-06-26,1.1691,0.0086
2019-06-27,1.181,1.0179
2019-06-28,1.1785,-0.2117
2019-06-30,1.1781,0.0
2019-07-01,1.2084,2.5371
2019-07-02,1.2078,-0.0497
2019-07-03,1.1978,-0.828
2019-07-04,1.1948,-0.2505
2019-07-05,1.2,0.4352
2019-07-08,1.173,-2.25
2019-07-09,1.1721,-0.0767
2019-07-10,1.1693,-0.2389
2019-07-11,1.1708,0.1283
2019-07-12,1.1806,0.837
2019-07-15,1.1857,0.432
2019-07-16,1.183,-0.2277
2019-07-17,1.1811,-0.1606
2019-07-18,1.1707,-0.8805
2019-07-19,1.1804,0.8286
2019-07-22,1.1929,1.059
2019-07-23,1.1952,0.1928
2019-07-24,1.2053,0.845
2019-07-25,1.2128,0.6223
2019-07-26,1.2155,0.2226
2019-07-29,1.2141,-0.1152
2019-07-30,1.2209,0.5601
2019-07-31,1.211,-0.8109
2019-08-01,1.2014,-0.7927
2019-08-02,1.1839,-1.4566
2019-08-05,1.1629,-1.7738
2019-08-06,1.1493,-1.1695
2019-08-07,1.1443,-0.435
2019-08-08,1.1641,1.7303
2019-08-09,1.1544,-0.8333
2019-08-12,1.1745,1.7412
2019-08-13,1.1639,-0.9025
2019-08-14,1.17,0.5241
2019-08-15,1.1726,0.2222
2019-08-16,1.175,0.2047
2019-08-19,1.2,2.1277
2019-08-20,1.1997,-0.025
2019-08-21,1.1967,-0.2501
2019-08-22,1.2013,0.3844
2019-08-23,1.2068,0.4578
2019-08-26,1.1909,-1.3175
2019-08-27,1.2052,1.2008
2019-08-28,1.1994,-0.4812
2019-08-29,1.1967,-0.2251
2019-08-30,1.1989,0.1838
2019-09-02,1.2151,1.3512
2019-09-03,1.2157,0.0494
2019-09-04,1.2266,0.8966
2019-09-05,1.2359,0.7582
2019-09-06,1.2426,0.5421
2019-09-09,1.2482,0.4507
2019-09-10,1.2466,-0.1282
2019-09-11,1.2385,-0.6498
2019-09-12,1.2502,0.9447
2019-09-16,1.2444,-0.4639
2019-09-17,1.2234,-1.6876
2019-09-18,1.2283,0.4005
2019-09-19,1.2319,0.2931
2019-09-20,1.2351,0.2598
2019-09-23,1.221,-1.1416
2019-09-24,1.2243,0.2703
2019-09-25,1.2167,-0.6208
2019-09-26,1.2053,-0.937
2019-09-27,1.2096,0.3568
2019-09-30,1.202,-0.6283
2019-10-08,1.2124,0.8652
2019-10-09,1.2138,0.1155
2019-10-10,1.2223,0.7003
2019-10-11,1.235,1.039
2019-10-14,1.2477,1.0283
2019-10-15,1.2467,-0.0801
2019-10-16,1.2411,-0.4492
2019-10-17,1.2399,-0.0967
2019-10-18,1.2252,-1.1856
2019-10-21,1.2304,0.4244
2019-10-22,1.2362,0.4714
2019-10-23,1.2292,-0.5663
2019-10-24,1.2279,-0.1058
2019-10-25,1.2353,0.6027
2019-10-28,1.2437,0.68
2019-10-29,1.2398,-0.3136
2019-10-30,1.2335,-0.5081
2019-10-31,1.231,-0.2027
2019-11-01,1.2494,1.4947
2019-11-04,1.2562,0.5443
2019-11-05,1.2621,0.4697
2019-11-06,1.2572,-0.3882
2019-11-07,1.262,0.3818
2019-11-08,1.2589,-0.2456
2019-11-11,1.2362,-1.8032
2019-11-12,1.2388,0.2103
2019-11-13,1.2376,-0.0969
2019-11-14,1.2391,0.1212
2019-11-15,1.2302,-0.7183
2019-11-18,1.2417,0.9348
2019-11-19,1.2535,0.9503
2019-11-20,1.2435,-0.7978
2019-11-21,1.2362,-0.5871
2019-11-22,1.2236,-1.0193
2019-11-25,1.2346,0.899
2019-11-26,1.2381,0.2835
2019-11-27,1.2334,-0.3796
2019-11-28,1.2291,-0.3486
2019-11-29,1.2167,-1.0089
2019-12-02,1.2149,-0.1479
2019-12-03,1.2175,0.214
2019-12-04,1.218,0.0411
2019-12-05,1.2259,0.6486
2019-12-06,1.234,0.6607
2019-12-09,1.2304,-0.2917
2019-12-10,1.2331,0.2194
2019-12-11,1.2344,0.1054
2019-12-12,1.2291,-0.4294
2019-12-13,1.2525,1.9038
2019-12-16,1.2564,0.3114
2019-12-17,1.2723,1.2655
2019-12-18,1.2693,-0.2358
2019-12-19,1.2692,-0.0079
2019-12-20,1.2652,-0.3152
2019-12-23,1.2504,-1.1698
2019-12-24,1.2583,0.6318
2019-12-25,1.2553,-0.2384
2019-12-26,1.2648,0.7568
2019-12-27,1.2661,0.1028
2019-12-30,1.2823,1.2795
2019-12-31,1.2862,0.3041
2020-01-02,1.2968,0.8241
2020-01-03,1.2924,-0.3393
2020-01-06,1.2893,-0.2399
2020-01-07,1.3012,0.923
2020-01-08,1.2855,-1.2066
2020-01-09,1.2993,1.0735
2020-01-10,1.2991,-0.0154
2020-01-13,1.3117,0.9699
2020-01-14,1.3087,-0.2287
2020-01-15,1.3042,-0.3439
2020-01-16,1.2993,-0.3757
2020-01-17,1.3025,0.2463
2020-01-20,1.3141,0.8906
2020-01-21,1.2951,-1.4459
2020-01-22,1.3001,0.3861
2020-01-23,1.2625,-2.8921
2020-02-03,1.1628,-7.897
2020-02-04,1.19,2.3392
2020-02-05,1.2047,1.2353
2020-02-06,1.2249,1.6768
2020-02-07,1.2246,-0.0245
2020-02-10,1.2315,0.5634
2020-02-11,1.2426,0.9013
2020-02-12,1.2513,0.7001
2020-02-13,1.2453,-0.4795
2020-02-14,1.2534,0.6504
2020-02-17,1.2832,2.3775
2020-02-18,1.2771,-0.4754
2020-02-19,1.2751,-0.1566
2020-02-20,1.3015,2.0704
2020-02-21,1.3068,0.4072
2020-02-24,1.3004,-0.4897
2020-02-25,1.2934,-0.5383
2020-02-26,1.2801,-1.0283
2020-02-27,1.2896,0.7421
2020-02-28,1.246,-3.3809
2020-03-02,1.2853,3.1541
2020-03-03,1.2939,0.6691
2020-03-04,1.3013,0.5719
2020-03-05,1.3285,2.0902
2020-03-06,1.3087,-1.4904
2020-03-09,1.2645,-3.3774
2020-03-10,1.2904,2.0482
2020-03-11,1.2746,-1.2244
2020-03-12,1.254,-1.6162
2020-03-13,1.2402,-1.1005
2020-03-16,1.1918,-3.9026
2020-03-17,1.1853,-0.5454
2020-03-18,1.165,-1.7126
2020-03-19,1.1526,-1.0644
2020-03-20,1.1736,1.822
2020-03-23,1.1376,-3.0675
2020-03-24,1.1688,2.7426
2020-03-25,1.2,2.6694
2020-03-26,1.1932,-0.5667
2020-03-27,1.1965,0.2766
2020-03-30,1.1847,-0.9862
2020-03-31,1.1905,0.4896
2020-04-01,1.1857,-0.4032
2020-04-02,1.2066,1.7627
2020-04-03,1.2011,-0.4558
2020-04-07,1.229,2.3229
2020-04-08,1.2242,-0.3906
2020-04-09,1.2295,0.4329
2020-04-10,1.2198,-0.7889
2020-04-13,1.2116,-0.6722
2020-04-14,1.232,1.6837
2020-04-15,1.2245,-0.6088
2020-04-16,1.2283,0.3103
2020-04-17,1.2396,0.92
2020-04-20,1.2431,0.2823
2020-04-21,1.2289,-1.1423
2020-04-22,1.2384,0.773
2020-04-23,1.2353,-0.2503
2020-04-24,1.2235,-0.9552
2020-04-27,1.2333,0.801
2020-04-28,1.2397,0.5189
2020-04-29,1.242,0.1855
2020-04-30,1.2586,1.3366
2020-05-06,1.2666,0.6356
2020-05-07,1.2634,-0.2526
2020-05-08,1.2757,0.9736
2020-05-11,1.2749,-0.0627
2020-05-12,1.2764,0.1177
2020-05-13,1.2796,0.2507
2020-05-14,1.2662,-1.0472
2020-05-15,1.2632,-0.2369
2020-05-18,1.2671,0.3087
2020-05-19,1.2775,0.8208
2020-05-20,1.269,-0.6654
2020-05-21,1.2621,-0.5437
2020-05-22,1.2376,-1.9412
2020-05-25,1.2413,0.299
2020-05-26,1.2553,1.1278
2020-05-27,1.2469,-0.6692
2020-05-28,1.2486,0.1363
2020-05-29,1.2554,0.5446
2020-06-01,1.287,2.5171
2020-06-02,1.2933,0.4895
2020-06-03,1.2937,0.0309
2020-06-04,1.2932,-0.0386
2020-06-05,1.2985,0.4098
2020-06-08,1.304,0.4236
2020-06-09,1.3155,0.8819
2020-06-10,1.3159,0.0304
2020-06-11,1.3063,-0.7295
2020-06-12,1.3117,0.4134
2020-06-15,1.3017,-0.7624
2020-06-16,1.3177,1.2292
2020-06-17,1.3201,0.1821
2020-06-18,1.3268,0.5075
2020-06-19,1.346,1.4471
2020-06-22,1.3511,0.3789
2020-06-23,1.3624,0.8364
2020-06-24,1.369,0.4844
2020-06-29,1.362,-0.5113
2020-06-30,1.3825,1.5051
2020-07-01,1.4066,1.7432
2020-07-02,1.4313,1.756
2020-07-03,1.4557,1.7047
2020-07-06,1.5273,4.9186
2020-07-07,1.5404,0.8577
2020-07-08,1.5695,1.8891
2020-07-09,1.5941,1.5674
2020-07-10,1.5785,-0.9786
2020-07-13,1.612,2.1223
2020-07-14,1.6039,-0.5025
2020-07-15,1.5902,-0.8542
2020-07-16,1.5275,-3.9429
2020-07-17,1.5401,0.8249
2020-07-20,1.5836,2.8245
2020-07-21,1.5875,0.2463
2020-07-22,1.5992,0.737
2020-07-23,1.6001,0.0563
2020-07-24,1.5297,-4.3997
2020-07-27,1.5352,0.3595
2020-07-28,1.5502,0.9771
2020-07-29,1.5866,2.3481
2020-07-30,1.578,-0.542
2020-07-31,1.5934,0.9759
2020-08-03,1.623,1.8577
2020-08-04,1.6249,0.1171
2020-08-05,1.6289,0.2462
2020-08-06,1.6286,-0.0184
2020-08-07,1.6167,-0.7307
2020-08-10,1.6235,0.4206
2020-08-11,1.608,-0.9547
2020-08-12,1.5944,-0.8458
2020-08-13,1.5942,-0.0125
2020-08-14,1.6176,1.4678
2020-08-17,1.6505,2.0339
2020-08-18,1.6509,0.0242
2020-08-19,1.6274,-1.4235
2020-08-20,1.6085,-1.1614
2020-08-21,1.6225,0.8704
2020-08-24,1.6473,1.53
2020-08-25,1.6518,0.27
2020-08-26,1.6345,-1.05
2020-08-27,1.6462,0.72
2020-08-28,1.6789,1.99
2020-08-31,1.6701,-0.52
2020-09-01,1.6863,0.97
2020-09-02,1.6901,0.23
2020-09-03,1.6766,-0.8
2020-09-04,1.6625,-0.84
2020-09-07,1.6284,-2.05
2020-09-08,1.6338,0.33
2020-09-09,1.5942,-2.42
2020-09-10,1.5906,-0.23
2020-09-11,1.606,0.97
2020-09-14,1.6167,0.67
2020-09-15,1.6307,0.87
2020-09-16,1.6217,-0.55
2020-09-17,1.6207,-0.06
2020-09-18,1.6522,1.94
2020-09-21,1.639,-0.8
2020-09-22,1.6233,-0.96
2020-09-23,1.6295,0.38
2020-09-24,1.5989,-1.88
2020-09-25,1.6046,0.36
2020-09-28,1.6062,0.1
2020-09-29,1.6142,0.5
2020-09-30,1.616,0.11
2020-10-09,1.6514,2.19
2020-10-12,1.6997,2.92
2020-10-13,1.7091,0.55
2020-10-14,1.7014,-0.45
2020-10-15,1.7004,-0.06
2020-10-16,1.697,-0.2
2020-10-19,1.6851,-0.7
2020-10-20,1.7009,0.94
2020-10-21,1.6949,-0.35
2020-10-22,1.6868,-0.48
2020-10-23,1.6642,-1.34
2020-10-26,1.6592,-0.3
2020-10-27,1.6644,0.31
2020-10-28,1.679,0.88
2020-10-29,1.6994,1.22
2020-10-30,1.67,-1.73
2020-11-02,1.6841,0.84
2020-11-03,1.6994,0.91
2020-11-04,1.7084,0.53
2020-11-05,1.7406,1.88
2020-11-06,1.7404,-0.01
2020-11-09,1.7725,1.84
2020-11-10,1.7587,-0.78
2020-11-11,1.7381,-1.17
2020-11-12,1.7397,0.09
2020-11-13,1.7216,-1.04
2020-11-16,1.7339,0.71
2020-11-17,1.7314,-0.14
2020-11-18,1.727,-0.25
2020-11-19,1.7393,0.71
2020-11-20,1.7419,0.15
2020-11-23,1.7623,1.17
2020-11-24,1.7508,-0.65
2020-11-25,1.7307,-1.15
2020-11-26,1.732,0.08
2020-11-27,1.7494,1.0
2020-11-30,1.7464,-0.17
2020-12-01,1.7802,1.94
2020-12-02,1.7801,-0.01
2020-12-03,1.7762,-0.22
2020-12-04,1.7839,0.43
2020-12-07,1.7766,-0.41
2020-12-08,1.7727,-0.22
2020-12-09,1.7506,-1.25
2020-12-10,1.7489,-0.1
2020-12-11,1.73,-1.08
2020-12-14,1.747,0.98
2020-12-15,1.7473,0.02
2020-12-16,1.7498,0.14
2020-12-17,1.7687,1.08
2020-12-18,1.7612,-0.42
2020-12-21,1.7846,1.33
2020-12-22,1.7593,-1.42
2020-12-23,1.7725,0.75
2020-12-24,1.7647,-0.44
2020-12-25,1.7729,0.46
2020-12-28,1.7791,0.35
2020-12-29,1.7753,-0.21
2020-12-30,1.8018,1.49
2020-12-31,1.8328,1.72
2021-01-04,1.8502,0.95
2021-01-05,1.883,1.77
2021-01-06,1.897,0.74
2021-01-07,1.9223,1.33
2021-01-08,1.9174,-0.25
2021-01-11,1.8984,-0.99
2021-01-12,1.9457,2.49
2021-01-13,1.9369,-0.45
2021-01-14,1.902,-1.8
2021-01-15,1.8963,-0.3
2021-01-18,1.9246,1.49
2021-01-19,1.9031,-1.12
2021-01-20,1.9181,0.79
2021-01-21,1.9489,1.61
2021-01-22,1.9531,0.22
2021-01-25,1.9742,1.08
2021-01-26,1.9364,-1.91
2021-01-27,1.9385,0.11
2021-01-28,1.8846,-2.78
2021-01-29,1.8795,-0.27
2021-02-01,1.9078,1.51
2021-02-02,1.9369,1.53
2021-02-03,1.9312,-0.29
2021-02-04,1.925,-0.32
2021-02-05,1.9212,-0.2
2021-02-08,1.9443,1.2
2021-02-09,1.9859,2.14
2021-02-10,2.0232,1.88
2021-02-18,2.0012,-1.09
2021-02-19,1.9932,-0.4
2021-02-22,1.9197,-3.69
2021-02-23,1.9188,-0.05
2021-02-24,1.8697,-2.56
2021-02-25,1.8723,0.14
2021-02-26,1.8312,-2.2
2021-03-01,1.8575,1.44
2021-03-02,1.834,-1.27
2021-03-03,1.868,1.85
2021-03-04,1.809,-3.16
2021-03-05,1.8063,-0.15
2021-03-08,1.7436,-3.47
2021-03-09,1.7093,-1.97
2021-03-10,1.7223,0.76
2021-03-11,1.7605,2.22
2021-03-12,1.7654,0.28
2021-03-15,1.727,-2.18
2021-03-16,1.739,0.69
2021-03-17,1.7503,0.65
2021-03-18,1.7668,0.94
2021-03-19,1.7243,-2.41
2021-03-22,1.7419,1.02
2021-03-23,1.7289,-0.75
2021-03-24,1.7042,-1.43
2021-03-25,1.7055,0.08
2021-03-26,1.7463,2.39
2021-03-29,1.7498,0.2
2021-03-30,1.7669,0.98
2021-03-31,1.7521,-0.84
2021-04-01,1.772,1.14
2021-04-02,1.7921,1.13
2021-04-06,1.7857,-0.36
2021-04-07,1.7721,-0.76
2021-04-08,1.7768,0.27
2021-04-09,1.7505,-1.48
2021-04-12,1.7187,-1.82
2021-04-13,1.7226,0.23
2021-04-14,1.7403,1.03
2021-04-15,1.7288,-0.66
2021-04-16,1.7365,0.45
2021-04-19,1.7797,2.49
2021-04-20,1.7858,0.34
2021-04-21,1.7889,0.17
2021-04-22,1.7888,-0.01
2021-04-23,1.805,0.91
2021-04-26,1.7873,-0.98
2021-04-27,1.7915,0.23
2021-04-28,1.8021,0.59
2021-04-29,1.8167,0.81
2021-04-30,1.8022,-0.8
2021-05-06,1.7768,-1.41
2021-05-07,1.7502,-1.5
2021-05-10,1.7461,-0.23
2021-05-11,1.7612,0.86
2021-05-12,1.773,0.67
2021-05-13,1.7533,-1.11
2021-05-14,1.7926,2.24
2021-05-17,1.8198,1.52
2021-05-18,1.8196,-0.01
2021-05-19,1.8134,-0.34
2021-05-20,1.8219,0.47
2021-05-21,1.8082,-0.75
2021-05-24,1.8103,0.12
2021-05-25,1.8629,2.91
2021-05-26,1.8639,0.05
2021-05-27,1.8697,0.31
2021-05-28,1.8616,-0.43
2021-05-31,1.8629,0.07
2021-06-01,1.8688,0.32
2021-06-02,1.8515,-0.93
2021-06-03,1.843,-0.46
2021-06-04,1.8517,0.47
2021-06-07,1.8516,-0.01
2021-06-08,1.8377,-0.75
2021-06-09,1.8376,-0.01
2021-06-10,1.8485,0.59
2021-06-11,1.8364,-0.65
2021-06-15,1.818,-1.0
2021-06-16,1.7871,-1.7
2021-06-17,1.7919,0.27
2021-06-18,1.7987,0.38
2021-06-21,1.7961,-0.14
2021-06-22,1.812,0.89
2021-06-23,1.8229,0.6
2021-06-24,1.8214,-0.08
2021-06-25,1.8527,1.72
2021-06-28,1.8529,0.01
2021-06-29,1.8327,-1.09
2021-06-30,1.8469,0.77
2021-07-01,1.8497,0.15
2021-07-02,1.7989,-2.75
2021-07-05,1.7981,-0.04
2021-07-06,1.803,0.27
2021-07-07,1.825,1.22
2021-07-08,1.8075,-0.96
2021-07-09,1.8051,-0.13
2021-07-12,1.8315,1.46
2021-07-13,1.84,0.46
2021-07-14,1.8267,-0.72
2021-07-15,1.8447,0.99
2021-07-16,1.8265,-0.99
2021-07-19,1.8304,0.21
2021-07-20,1.8237,-0.37
2021-07-21,1.8295,0.32
2021-07-22,1.8315,0.11
2021-07-23,1.8035,-1.53
2021-07-26,1.742,-3.41
2021-07-27,1.6888,-3.05
2021-07-28,1.6928,0.24
2021-07-29,1.7172,1.44
2021-07-30,1.7003,-0.98
2021-08-02,1.7465,2.72
2021-08-03,1.7563,0.56
2021-08-04,1.7692,0.73
2021-08-05,1.7595,-0.55
2021-08-06,1.7508,-0.49
2021-08-09,1.7764,1.46
2021-08-10,1.7957,1.09
2021-08-11,1.7942,-0.08
2021-08-12,1.785,-0.51
2021-08-13,1.7799,-0.29
2021-08-16,1.7744,-0.31
2021-08-17,1.7359,-2.17
2021-08-18,1.7568,1.2
2021-08-19,1.7501,-0.38
2021-08-20,1.7177,-1.85
2021-08-23,1.7426,1.45
2021-08-24,1.7628,1.16
2021-08-25,1.7688,0.34
2021-08-26,1.737,-1.8
2021-08-27,1.7481,0.64
2021-08-30,1.7439,-0.24
2021-08-31,1.7459,0.11
2021-09-01,1.7624,0.95
2021-09-02,1.7678,0.31
2021-09-03,1.756,-0.67
2021-09-06,1.7856,1.69
2021-09-07,1.8136,1.57
2021-09-08,1.8118,-0.1
2021-09-09,1.8117,-0.01
2021-09-10,1.8256,0.77
2021-09-13,1.8274,0.1
2021-09-14,1.8056,-1.19
2021-09-15,1.7948,-0.6
2021-09-16,1.7742,-1.15
2021-09-17,1.7917,0.99
2021-09-22,1.7853,-0.36
2021-09-23,1.7876,0.13
2021-09-24,1.7811,-0.36
2021-09-27,1.7759,-0.29
2021-09-28,1.7764,0.03
2021-09-29,1.7535,-1.29
2021-09-30,1.7651,0.66
2021-10-08,1.7818,0.95
2021-10-11,1.783,0.07
2021-10-12,1.7668,-0.91
2021-10-13,1.7872,1.15
2021-10-14,1.7807,-0.36
2021-10-15,1.7913,0.6
2021-10-18,1.7731,-1.02
2021-10-19,1.7901,0.96
2021-10-20,1.7815,-0.48
2021-10-21,1.7902,0.49
2021-10-22,1.794,0.21
2021-10-25,1.7997,0.32
2021-10-26,1.7938,-0.33
2021-10-27,1.7698,-1.34
2021-10-28,1.7517,-1.02
2021-10-29,1.7652,0.77
2021-11-01,1.7535,-0.66
2021-11-02,1.7295,-1.37
2021-11-03,1.7229,-0.38
2021-11-04,1.7324,0.55
2021-11-05,1.7207,-0.68
2021-11-08,1.7195,-0.07
2021-11-09,1.7247,0.3
2021-11-10,1.7201,-0.27
2021-11-11,1.7466,1.54
2021-11-12,1.7449,-0.1
2021-11-15,1.738,-0.4
2021-11-16,1.7382,0.01
2021-11-17,1.7448,0.38
2021-11-18,1.7298,-0.86
2021-11-19,1.7461,0.94
2021-11-22,1.7559,0.56
2021-11-23,1.7597,0.22
2021-11-24,1.7644,0.27
2021-11-25,1.7568,-0.43
2021-11-26,1.7488,-0.46
2021-11-29,1.7554,0.38
2021-11-30,1.7528,-0.15
2021-12-01,1.7586,0.33
2021-12-02,1.7572,-0.08
2021-12-03,1.7692,0.68
2021-12-06,1.7636,-0.32
2021-12-07,1.7677,0.23
2021-12-08,1.7941,1.49
2021-12-09,1.8178,1.32
2021-12-10,1.816,-0.1
2021-12-13,1.818,0.11
2021-12-14,1.8061,-0.65
2021-12-15,1.7886,-0.97
2021-12-16,1.7966,0.45
2021-12-17,1.7683,-1.58
2021-12-20,1.7358,-1.84
2021-12-21,1.7465,0.62
2021-12-22,1.7459,-0.03
2021-12-23,1.7558,0.57
2021-12-24,1.7375,-1.04
2021-12-27,1.7379,0.02
2021-12-28,1.7539,0.92
2021-12-29,1.7342,-1.12
2021-12-30,1.7494,0.88
2021-12-31,1.7544,0.29
2022-01-04,1.7384,-0.91
2022-01-05,1.7216,-0.97
2022-01-06,1.705,-0.96
2022-01-07,1.7057,0.04
2022-01-10,1.7128,0.42
2022-01-11,1.7012,-0.68
2022-01-12,1.7206,1.14
2022-01-13,1.699,-1.26
2022-01-14,1.6867,-0.72
2022-01-17,1.7058,1.13
2022-01-18,1.7198,0.82
2022-01-19,1.7072,-0.73
2022-01-20,1.7132,0.35
2022-01-21,1.699,-0.83
2022-01-24,1.6986,-0.02
2022-01-25,1.6599,-2.28
2022-01-26,1.6701,0.61
2022-01-27,1.6407,-1.76
2022-01-28,1.6252,-0.94
2022-02-07,1.6452,1.23
2022-02-08,1.631,-0.86
2022-02-09,1.6479,1.04
2022-02-10,1.6367,-0.68
2022-02-11,1.6237,-0.79
2022-02-14,1.6116,-0.75
2022-02-15,1.6344,1.41
2022-02-16,1.6418,0.45
2022-02-17,1.647,0.32
2022-02-18,1.6523,0.32
2022-02-21,1.6495,-0.17
2022-02-22,1.6312,-1.11
2022-02-23,1.6576,1.62
2022-02-24,1.6283,-1.77
2022-02-25,1.6446,1.0
2022-02-28,1.65,0.33
2022-03-01,1.6655,0.94
2022-03-02,1.6513,-0.85
2022-03-03,1.6378,-0.82
2022-03-04,1.6184,-1.18
2022-03-07,1.6627,-3.24
2022-03-08,1.6794,-1.76
2022-03-09,1.6821,-0.98
2022-03-10,1.5547,2.06
2022-03-11,1.5571,0.15
2022-03-14,1.5124,-2.87
2022-03-15,1.4468,-4.34
2022-03-16,1.5105,4.4
2022-03-17,1.5413,2.04
2022-03-18,1.5514,0.66
2022-03-21,1.5496,-0.12
2022-03-22,1.5458,-0.25
2022-03-23,1.558,0.79
2022-03-24,1.5537,-0.28
2022-03-25,1.5264,-1.76
2022-03-28,1.5152,-0.73
2022-03-29,1.5144,-0.05
2022-03-30,1.5519,2.48
2022-03-31,1.5386,-0.86
2022-04-01,1.5555,1.1
2022-04-06,1.5459,-0.62
2022-04-07,1.5272,-1.21
2022-04-08,1.5335,0.41
2022-04-11,1.4865,-3.06
2022-04-12,1.5153,1.94
2022-04-13,1.4987,-1.1
2022-04-14,1.518,1.29
2022-04-15,1.5149,-0.2
2022-04-18,1.5072,-0.51
2022-04-19,1.495,-0.81
2022-04-20,1.4753,-1.32
2022-04-21,1.446,-1.99
2022-04-22,1.4507,0.33
2022-04-25,1.3776,-5.04
2022-04-26,1.3644,-0.96
2022-04-27,1.4045,2.94
2022-04-28,1.4132,0.62
2022-04-29,1.4456,2.29
2022-05-05,1.4435,-0.15
2022-05-06,1.4125,-2.15
2022-05-09,1.4013,-0.79
2022-05-10,1.4174,1.15
2022-05-11,1.4411,1.67
2022-05-12,1.4369,-0.29
2022-05-13,1.4499,0.9
2022-05-16,1.4392,-0.74
2022-05-17,1.4586,1.35
2022-05-18,1.4517,-0.47
2022-05-19,1.4567,0.34
2022-05-20,1.4834,1.83
2022-05-23,1.4758,-0.51
2022-05-24,1.4409,-2.36
2022-05-25,1.4466,0.4
2022-05-26,1.4463,-0.02
2022-05-27,1.4531,0.47
2022-05-30,1.4641,0.76
2022-05-31,1.4847,1.41
2022-06-01,1.4839,-0.05
2022-06-02,1.4876,0.25
2022-06-06,1.5222,2.33
2022-06-07,1.5287,0.43
2022-06-08,1.5453,1.09
2022-06-09,1.5316,-0.89
2022-06-10,1.5562,1.61
2022-06-13,1.5376,-1.2
2022-06-14,1.5511,0.88
2022-06-15,1.5706,1.26
2022-06-16,1.5641,-0.41
2022-06-17,1.587,1.46
2022-06-20,1.5938,0.43
2022-06-21,1.5905,-0.21
2022-06-22,1.573,-1.1
2022-06-23,1.5998,1.7
2022-06-24,1.625,1.58
2022-06-27,1.6434,1.13
2022-06-28,1.661,1.07
2022-06-29,1.6409,-1.21
2022-06-30,1.6664,1.55
2022-07-01,1.6618,-0.28
2022-07-04,1.6794,1.06
2022-07-05,1.6821,0.16
2022-07-06,1.6587,-1.39
2022-07-07,1.6627,0.24
2022-07-08,1.6577,-0.3
2022-07-11,1.6279,-1.8
2022-07-12,1.6127,-0.93
2022-07-13,1.6145,0.11
2022-07-14,1.6125,-0.12
2022-07-15,1.5923,-1.25
2022-07-18,1.6006,0.52
2022-07-19,1.5956,-0.31
2022-07-20,1.6013,0.36
2022-07-21,1.5834,-1.12
2022-07-22,1.5837,0.02
2022-07-25,1.5735,-0.64
2022-07-26,1.5848,0.72
2022-07-27,1.5756,-0.58
2022-07-28,1.5745,-0.07
2022-07-29,1.5508,-1.51
2022-08-01,1.557,0.4
2022-08-02,1.5273,-1.91
2022-08-03,1.5149,-0.81
2022-08-04,1.5312,1.08
2022-08-05,1.5531,1.43
2022-08-08,1.5508,-0.15
2022-08-09,1.5541,0.21
2022-08-10,1.536,-1.16
2022-08-11,1.5667,2.0
2022-08-12,1.5666,-0.01
2022-08-15,1.567,0.03
2022-08-16,1.5655,-0.1
2022-08-17,1.5781,0.8
2022-08-18,1.5653,-0.81
2022-08-19,1.5531,-0.78
2022-08-22,1.567,0.89
2022-08-23,1.5549,-0.77
2022-08-24,1.527,-1.79
2022-08-25,1.5391,0.79
2022-08-26,1.5398,0.05
2022-08-29,1.5321,-0.5
2022-08-30,1.5266,-0.36
2022-08-31,1.5242,-0.16
2022-09-01,1.5109,-0.87
2022-09-02,1.5023,-0.57
2022-09-05,1.4969,-0.36
2022-09-06,1.5138,1.13
2022-09-07,1.5136,-0.01
2022-09-08,1.5067,-0.46
2022-09-09,1.5246,1.19
2022-09-13,1.5256,0.07
2022-09-14,1.5102,-1.01
2022-09-15,1.4957,-0.96
2022-09-16,1.4633,-2.17
2022-09-19,1.4606,-0.18
2022-09-20,1.4653,0.32
2022-09-21,1.4562,-0.62
2022-09-22,1.4448,-0.78
2022-09-23,1.441,-0.26
2022-09-26,1.4343,-0.46
2022-09-27,1.4538,1.36
2022-09-28,1.4294,-1.68
2022-09-29,1.4315,0.15
2022-09-30,1.4196,-0.83
2022-10-10,1.39,-2.09
2022-10-11,1.3948,0.35
2022-10-12,1.4145,1.41
2022-10-13,1.4068,-0.54
2022-10-14,1.4444,2.67
2022-10-17,1.4419,-0.17
2022-10-18,1.4396,-0.16
2022-10-19,1.4203,-1.34
2022-10-20,1.4123,-0.56
2022-10-21,1.4075,-0.34
2022-10-24,1.3689,-2.74
2022-10-25,1.3658,-0.23
2022-10-26,1.3804,1.07
2022-10-27,1.3718,-0.62
2022-10-28,1.3395,-2.35
2022-10-31,1.3261,-1.0
2022-11-01,1.3698,3.3
2022-11-02,1.3828,0.95
2022-11-03,1.3749,-0.57
2022-11-04,1.4162,3.0
2022-11-07,1.4224,0.44
2022-11-08,1.412,-0.73
2022-11-09,1.3987,-0.94
2022-11-10,1.3875,-0.8
2022-11-11,1.4237,2.61
2022-11-14,1.4254,0.12
2022-11-15,1.4481,1.59
2022-11-16,1.4376,-0.73
2022-11-17,1.4303,-0.51
2022-11-18,1.4257,-0.32
2022-11-21,1.417,-0.61
2022-11-22,1.4186,0.11
2022-11-23,1.4214,0.2
2022-11-24,1.4152,-0.44
2022-11-25,1.4202,0.35
2022-11-28,1.4039,-1.15
2022-11-29,1.4391,2.51
2022-11-30,1.4422,0.22
2022-12-01,1.4543,0.84
2022-12-02,1.4453,-0.62
2022-12-05,1.4684,1.6
2022-12-06,1.4754,0.48
2022-12-07,1.4748,-0.04
2022-12-08,1.4743,-0.03
2022-12-09,1.4844,0.69
2022-12-12,1.4671,-1.17
2022-12-13,1.4628,-0.29
2022-12-14,1.4662,0.23
2022-12-15,1.468,0.12
2022-12-16,1.4662,-0.12
2022-12-19,1.4458,-1.39
2022-12-20,1.4238,-1.52
2022-12-21,1.4226,-0.08
2022-12-22,1.4224,-0.01
2022-12-23,1.4193,-0.22
2022-12-26,1.4271,0.55
2022-12-27,1.4429,1.11
2022-12-28,1.438,-0.34
2022-12-29,1.4343,-0.26
2022-12-30,1.4415,0.5
2022-12-31,1.4414,-0.01
2023-01-03,1.4483,0.47
2023-01-04,1.4502,0.13
2023-01-05,1.4762,1.79
2023-01-06,1.4816,0.37
2023-01-09,1.492,0.7
2023-01-10,1.4928,0.05
2023-01-11,1.4898,-0.2
2023-01-12,1.4943,0.3
2023-01-13,1.5109,1.11
2023-01-16,1.534,1.53
2023-01-17,1.5296,-0.29
2023-01-18,1.5298,0.01
2023-01-19,1.5381,0.54
2023-01-20,1.548,0.64
2023-01-30,1.5562,0.53
2023-01-31,1.5408,-0.99
2023-02-01,1.5544,0.88
2023-02-02,1.5489,-0.35
2023-02-03,1.5362,-0.82
2023-02-06,1.5174,-1.22
2023-02-07,1.5197,0.15
2023-02-08,1.5133,-0.42
2023-02-09,1.5334,1.33
2023-02-10,1.5247,-0.57
2023-02-13,1.5363,0.76
2023-02-14,1.5356,-0.05
2023-02-15,1.5274,-0.53
2023-02-16,1.5147,-0.83
2023-02-17,1.4938,-1.38
2023-02-20,1.523,1.95
2023-02-21,1.5287,0.37
2023-02-22,1.5168,-0.78
2023-02-23,1.5172,0.03
2023-02-24,1.5025,-0.97
2023-02-27,1.4987,-0.25
2023-02-28,1.5072,0.57
2023-03-01,1.5244,1.14
2023-03-02,1.5184,-0.39
2023-03-03,1.5247,0.41
2023-03-06,1.5224,-0.15
2023-03-07,1.5025,-1.31
2023-03-08,1.4962,-0.42
2023-03-09,1.4946,-0.11
2023-03-10,1.4747,-1.33
2023-03-13,1.4859,0.76
2023-03-14,1.4773,-0.58
2023-03-15,1.4808,0.24
2023-03-16,1.4602,-1.39
2023-03-17,1.4631,0.2
2023-03-20,1.4577,-0.37
2023-03-21,1.4754,1.21
2023-03-22,1.4827,0.49
2023-03-23,1.4929,0.69
2023-03-24,1.489,-0.26
2023-03-27,1.4868,-0.15
2023-03-28,1.4823,-0.3
2023-03-29,1.4828,0.03
2023-03-30,1.4936,0.73
2023-03-31,1.4973,0.25
2023-04-03,1.506,0.58
2023-04-04,1.5072,0.08
2023-04-06,1.5017,-0.36
2023-04-07,1.509,0.49
2023-04-10,1.5083,-0.05
2023-04-11,1.5047,-0.24
2023-04-12,1.4987,-0.4
2023-04-13,1.4962,-0.17
2023-04-14,1.5026,0.43
2023-04-17,1.5232,1.37
2023-04-18,1.5262,0.2
2023-04-19,1.5149,-0.74
2023-04-20,1.5045,-0.69
2023-04-21,1.4802,-1.62
2023-04-24,1.465,-1.03
2023-04-25,1.4534,-0.79
2023-04-26,1.4611,0.53
2023-04-27,1.4759,1.01
2023-04-28,1.4885,0.85
2023-05-04,1.4897,0.08
2023-05-05,1.4853,-0.3
2023-05-08,1.4976,0.83
2023-05-09,1.4853,-0.82
2023-05-10,1.4773,-0.54
2023-05-11,1.4778,0.03
2023-05-12,1.4584,-1.31
2023-05-15,1.4818,1.6
2023-05-16,1.4763,-0.37
2023-05-17,1.4713,-0.34
2023-05-18,1.4697,-0.11
2023-05-19,1.467,-0.18
2023-05-22,1.4767,0.66
2023-05-23,1.4599,-1.14
2023-05-24,1.445,-1.02
2023-05-25,1.4442,-0.06
2023-05-26,1.4418,-0.17
2023-05-29,1.4354,-0.44
2023-05-30,1.4355,0.01
2023-05-31,1.4217,-0.96
2023-06-01,1.4249,0.23
2023-06-02,1.4434,1.3
2023-06-05,1.4335,-0.69
2023-06-06,1.4216,-0.83
2023-06-07,1.4139,-0.54
2023-06-08,1.4236,0.69
2023-06-09,1.4307,0.5
2023-06-12,1.4341,0.24
2023-06-13,1.4412,0.5
2023-06-14,1.4424,0.08
2023-06-15,1.4665,1.67
2023-06-16,1.4794,0.88
2023-06-19,1.467,-0.84
2023-06-20,1.4665,-0.03
2023-06-21,1.4472,-1.32
2023-06-26,1.4305,-1.15
2023-06-27,1.4457,1.06
2023-06-28,1.4484,0.19
2023-06-29,1.4453,-0.21
2023-06-30,1.4546,0.64
2023-07-03,1.4725,1.23
2023-07-04,1.4747,0.15
2023-07-05,1.4639,-0.73
2023-07-06,1.4552,-0.59
2023-07-07,1.4496,-0.38
2023-07-10,1.4569,0.5
2023-07-11,1.4649,0.55
2023-07-12,1.4575,-0.51
2023-07-13,1.4789,1.47
2023-07-14,1.4797,0.05
2023-07-17,1.4705,-0.62
2023-07-18,1.4676,-0.2
2023-07-19,1.4653,-0.16
2023-07-20,1.4559,-0.64
2023-07-21,1.4563,0.03
2023-07-24,1.4535,-0.19
2023-07-25,1.4893,2.46
2023-07-26,1.4855,-0.26
2023-07-27,1.4838,-0.11
2023-07-28,1.515,2.1
2023-07-31,1.5201,0.34
2023-08-01,1.5165,-0.24
2023-08-02,1.5068,-0.64
2023-08-03,1.5167,0.66
2023-08-04,1.5229,0.41
2023-08-07,1.508,-0.98
2023-08-08,1.5057,-0.15
2023-08-09,1.5019,-0.25
2023-08-10,1.5061,0.28
2023-08-11,1.4761,-1.99
2023-08-14,1.4691,-0.47
2023-08-15,1.4675,-0.11
2023-08-16,1.4584,-0.62
2023-08-17,1.4648,0.44
2023-08-18,1.4499,-1.02
2023-08-21,1.4315,-1.27
2023-08-22,1.4416,0.71
2023-08-23,1.4208,-1.44
2023-08-24,1.4284,0.53
2023-08-25,1.4241,-0.3
2023-08-28,1.4379,0.97
2023-08-29,1.4526,1.02
2023-08-30,1.4512,-0.1
2023-08-31,1.4446,-0.45
2023-09-01,1.452,0.51
2023-09-04,1.4693,1.19
2023-09-05,1.4593,-0.68
2023-09-06,1.4561,-0.22
2023-09-07,1.4364,-1.35
2023-09-08,1.4316,-0.33
2023-09-11,1.4434,0.82
2023-09-12,1.441,-0.17
2023-09-13,1.4306,-0.72
2023-09-14,1.4288,-0.13
2023-09-15,1.4187,-0.71
2023-09-18,1.4262,0.53
2023-09-19,1.4209,-0.37
2023-09-20,1.4161,-0.34
2023-09-21,1.404,-0.85
2023-09-22,1.4278,1.7
2023-09-25,1.4191,-0.61
2023-09-26,1.4122,-0.49
2023-09-27,1.4178,0.4
2023-09-28,1.4142,-0.25
2023-10-09,1.4096,-0.33
2023-10-10,1.3987,-0.77
2023-10-11,1.4009,0.16
2023-10-12,1.4148,0.99
2023-10-13,1.4008,-0.99
2023-10-16,1.3869,-0.99
2023-10-17,1.3912,0.31
2023-10-18,1.3797,-0.83
2023-10-19,1.3525,-1.97
2023-10-20,1.3447,-0.58
2023-10-23,1.3308,-1.03
2023-10-24,1.3367,0.44
2023-10-25,1.3454,0.65
2023-10-26,1.3518,0.48
2023-10-27,1.3686,1.24
2023-10-30,1.374,0.39
2023-10-31,1.3695,-0.33
2023-11-01,1.3717,0.16
2023-11-02,1.3665,-0.38
2023-11-03,1.3764,0.72
2023-11-06,1.3927,1.18
2023-11-07,1.3884,-0.31
2023-11-08,1.3843,-0.3
2023-11-09,1.3851,0.06
2023-11-10,1.3755,-0.69
2023-11-13,1.3748,-0.05
2023-11-14,1.3757,0.07
2023-11-15,1.3846,0.65
2023-11-16,1.373,-0.84
2023-11-17,1.3734,0.03
2023-11-20,1.3783,0.36
2023-11-21,1.3806,0.17
2023-11-22,1.368,-0.91
2023-11-23,1.3739,0.43
2023-11-24,1.3649,-0.66
2023-11-27,1.3575,-0.54
2023-11-28,1.3611,0.27
2023-11-29,1.35,-0.82
2023-11-30,1.3539,0.29
2023-12-01,1.3495,-0.32
2023-12-04,1.3414,-0.6
2023-12-05,1.3191,-1.66
2023-12-06,1.3216,0.19
2023-12-07,1.3188,-0.21
2023-12-08,1.3199,0.08
2023-12-11,1.3242,0.33
2023-12-12,1.3268,0.2
2023-12-13,1.3069,-1.5
2023-12-14,1.3006,-0.48
2023-12-15,1.2972,-0.26
2023-12-18,1.2908,-0.49
2023-12-19,1.2932,0.19
2023-12-20,1.2834,-0.76
2023-12-21,1.2944,0.86
2023-12-22,1.2947,0.02
2023-12-25,1.298,0.25
2023-12-26,1.2917,-0.49
2023-12-27,1.2956,0.3
2023-12-28,1.3213,1.98
2023-12-29,1.3279,0.5
2023-12-31,1.3277,-0.02
2024-01-02,1.3133,-1.08
2024-01-03,1.3129,-0.03
2024-01-04,1.3019,-0.84
2024-01-05,1.2951,-0.52
2024-01-08,1.2787,-1.27
2024-01-09,1.2829,0.33
2024-01-10,1.2794,-0.27
2024-01-11,1.2876,0.64
2024-01-12,1.2849,-0.21
2024-01-15,1.2855,0.05
2024-01-16,1.2947,0.72
2024-01-17,1.2695,-1.95
2024-01-18,1.282,0.98
2024-01-19,1.2801,-0.15
2024-01-22,1.2569,-1.81
2024-01-23,1.2633,0.51
2024-01-24,1.2817,1.46
2024-01-25,1.3066,1.94
2024-01-26,1.3048,-0.14
2024-01-29,1.2928,-0.92
2024-01-30,1.2715,-1.65
2024-01-31,1.2584,-1.03
2024-02-01,1.2598,0.11
2024-02-02,1.2428,-1.35
2024-02-05,1.2427,-0.01
2024-02-06,1.285,3.4
2024-02-07,1.3015,1.28
2024-02-08,1.3082,0.51
2024-02-19,1.3205,0.94
2024-02-20,1.3227,0.17
2024-02-21,1.3405,1.35
2024-02-22,1.3508,0.77
2024-02-23,1.3549,0.3
2024-02-26,1.3437,-0.83
2024-02-27,1.3575,1.03
2024-02-28,1.3405,-1.25
2024-02-29,1.3676,2.02
2024-03-01,1.3757,0.59
2024-03-04,1.38,0.31
2024-03-05,1.3864,0.46
2024-03-06,1.3828,-0.26
2024-03-07,1.374,-0.64
2024-03-08,1.3823,0.6
2024-03-11,1.4008,1.34
2024-03-12,1.4021,0.09
2024-03-13,1.3953,-0.48
2024-03-14,1.3911,-0.3
2024-03-15,1.3941,0.22
2024-03-18,1.409,1.07
2024-03-19,1.3977,-0.8
2024-03-20,1.4012,0.25
2024-03-21,1.4012,0.0
2024-03-22,1.3871,-1.01
2024-03-25,1.3811,-0.43
2024-03-26,1.388,0.5
2024-03-27,1.3742,-0.99
2024-03-28,1.3819,0.56
2024-03-29,1.3925,0.77
2024-04-01,1.4157,1.67
2024-04-02,1.4118,-0.28
2024-04-03,1.411,-0.06
2024-04-08,1.3972,-0.98
2024-04-09,1.3945,-0.19
2024-04-10,1.3838,-0.77
2024-04-11,1.3861,0.17
2024-04-12,1.3753,-0.78
2024-04-15,1.4034,2.04
2024-04-16,1.3857,-1.26
2024-04-17,1.4087,1.66
2024-04-18,1.4106,0.13
2024-04-19,1.4027,-0.56
2024-04-22,1.3969,-0.41
2024-04-23,1.3864,-0.75
2024-04-24,1.391,0.33
2024-04-25,1.3945,0.25
2024-04-26,1.4121,1.26
2024-04-29,1.4215,0.67
2024-04-30,1.4177,-0.27
2024-05-06,1.4382,1.45
2024-05-07,1.4379,-0.02
2024-05-08,1.4276,-0.72
2024-05-09,1.4405,0.9
2024-05-10,1.4415,0.07
2024-05-13,1.4399,-0.11
2024-05-14,1.4399,0.0
2024-05-15,1.4315,-0.58
2024-05-16,1.4359,0.31
2024-05-17,1.4442,0.58
2024-05-20,1.4475,0.23
2024-05-21,1.4439,-0.25
2024-05-22,1.4459,0.14
2024-05-23,1.4298,-1.11
2024-05-24,1.419,-0.76
2024-05-27,1.4322,0.93
2024-05-28,1.4209,-0.79
2024-05-29,1.423,0.15
2024-05-30,1.4169,-0.43
2024-05-31,1.4132,-0.26
2024-06-03,1.4138,0.04
2024-06-04,1.4228,0.64
2024-06-05,1.4122,-0.75
2024-06-06,1.4095,-0.19
2024-06-07,1.4058,-0.26
2024-06-11,1.3904,-1.1
2024-06-12,1.3931,0.19
2024-06-13,1.3867,-0.46
2024-06-14,1.3923,0.4
2024-06-17,1.3896,-0.19
2024-06-18,1.3969,0.53
2024-06-19,1.3921,-0.34
2024-06-20,1.3832,-0.64
2024-06-21,1.3802,-0.22
2024-06-24,1.3702,-0.72
2024-06-25,1.3641,-0.45
2024-06-26,1.372,0.58
2024-06-27,1.3645,-0.55
2024-06-28,1.3732,0.64
2024-06-30,1.3731,-0.01
2024-07-01,1.3787,0.41
2024-07-02,1.3767,-0.15
2024-07-03,1.3729,-0.28
2024-07-04,1.3625,-0.76
2024-07-05,1.357,-0.4
2024-07-08,1.3469,-0.74
2024-07-09,1.3658,1.4
2024-07-10,1.3616,-0.31
2024-07-11,1.3779,1.2
2024-07-12,1.3827,0.35
2024-07-15,1.3796,-0.22
2024-07-16,1.3879,0.6
2024-07-17,1.3874,-0.04
2024-07-18,1.3956,0.59
2024-07-19,1.4007,0.37
2024-07-22,1.392,-0.62
2024-07-23,1.3634,-2.05
2024-07-24,1.3559,-0.55
2024-07-25,1.3513,-0.34
2024-07-26,1.3569,0.41
2024-07-29,1.3549,-0.15
2024-07-30,1.3469,-0.59
2024-07-31,1.3737,1.99
2024-08-01,1.3665,-0.52
2024-08-02,1.3521,-1.05
2024-08-05,1.3365,-1.15
2024-08-06,1.3381,0.12
2024-08-07,1.3403,0.16
2024-08-08,1.3397,-0.04
2024-08-09,1.3354,-0.32
2024-08-12,1.3331,-0.17
2024-08-13,1.3371,0.3
2024-08-14,1.3262,-0.82
2024-08-15,1.3377,0.87
2024-08-16,1.3413,0.27
2024-08-19,1.3474,0.45
2024-08-20,1.3366,-0.8
2024-08-21,1.3316,-0.37
2024-08-22,1.3293,-0.17
2024-08-23,1.336,0.5
2024-08-26,1.3353,-0.05
2024-08-27,1.3268,-0.64
2024-08-28,1.3202,-0.5
2024-08-29,1.3192,-0.08
2024-08-30,1.3373,1.37
2024-09-02,1.3136,-1.77
2024-09-03,1.3157,0.16
2024-09-04,1.3066,-0.69
2024-09-05,1.3087,0.16
2024-09-06,1.2988,-0.76
2024-09-09,1.2854,-1.03
2024-09-10,1.2855,0.01
2024-09-11,1.2816,-0.3
2024-09-12,1.2779,-0.29
2024-09-13,1.271,-0.54
2024-09-18,1.276,0.39
2024-09-19,1.285,0.71
2024-09-20,1.2859,0.07
2024-09-23,1.2906,0.37
2024-09-24,1.3422,4.0
2024-09-25,1.3605,1.36
2024-09-26,1.4129,3.85
2024-09-27,1.4672,3.84
2024-09-30,1.5776,7.52
2024-10-08,1.653,4.78
2024-10-09,1.538,-6.96
2024-10-10,1.5656,1.79
2024-10-11,1.5248,-2.61
2024-10-14,1.5507,1.7
2024-10-15,1.5101,-2.62
2024-10-16,1.5035,-0.44
2024-10-17,1.4869,-1.1
2024-10-18,1.5283,2.78
2024-10-21,1.5274,-0.06
2024-10-22,1.5382,0.71
2024-10-23,1.5433,0.33
2024-10-24,1.5278,-1.0
2024-10-25,1.5365,0.57
2024-10-28,1.5427,0.4
2024-10-29,1.5285,-0.92
2024-10-30,1.5194,-0.6
2024-10-31,1.5165,-0.19
2024-11-01,1.5128,-0.24
2024-11-04,1.5329,1.33
2024-11-05,1.568,2.29
2024-11-06,1.5599,-0.52
2024-11-07,1.602,2.7
2024-11-08,1.5859,-1.0
2024-11-11,1.5896,0.23
2024-11-12,1.5762,-0.84
2024-11-13,1.5875,0.72
2024-11-14,1.5648,-1.43
2024-11-15,1.5436,-1.35
2024-11-18,1.5399,-0.24
2024-11-19,1.5415,0.1
2024-11-20,1.5465,0.32
2024-11-21,1.5479,0.09
2024-11-22,1.5008,-3.04
2024-11-25,1.4945,-0.42
2024-11-26,1.4917,-0.19
2024-11-27,1.5154,1.59
2024-11-28,1.502,-0.88
2024-11-29,1.5175,1.03
2024-12-02,1.5324,0.98
2024-12-03,1.5367,0.28
2024-12-04,1.5277,-0.59
2024-12-05,1.522,-0.37
2024-12-06,1.5441,1.45
2024-12-09,1.5455,0.09
2024-12-10,1.5537,0.53
2024-12-11,1.5521,-0.1
2024-12-12,1.5674,0.99
2024-12-13,1.536,-2.0
2024-12-16,1.5319,-0.27
2024-12-17,1.534,0.14
2024-12-18,1.5415,0.49
2024-12-19,1.5435,0.13
2024-12-20,1.5355,-0.52
2024-12-23,1.533,-0.16
2024-12-24,1.5527,1.29
2024-12-25,1.5506,-0.14
2024-12-26,1.5508,0.01
2024-12-27,1.5513,0.03
2024-12-30,1.5593,0.52
2024-12-31,1.5374,-1.4
2025-01-02,1.4947,-2.78
2025-01-03,1.4764,-1.22
2025-01-06,1.4732,-0.22
2025-01-07,1.483,0.67
2025-01-08,1.4796,-0.23
2025-01-09,1.475,-0.31
2025-01-10,1.4592,-1.07
2025-01-13,1.4528,-0.44
2025-01-14,1.4904,2.59
2025-01-15,1.4789,-0.77
2025-01-16,1.4804,0.1
2025-01-17,1.4849,0.3
2025-01-20,1.4959,0.74
2025-01-21,1.4966,0.05
2025-01-22,1.4833,-0.89
2025-01-23,1.4883,0.34
2025-01-24,1.5018,0.91
2025-01-27,1.4992,-0.17
2025-02-05,1.4902,-0.6
2025-02-06,1.5063,1.08
2025-02-07,1.5253,1.26
2025-02-10,1.5286,0.22
2025-02-11,1.5219,-0.44
2025-02-12,1.5336,0.77
2025-02-13,1.53,-0.23
2025-02-14,1.5429,0.84
2025-02-17,1.5452,0.15
2025-02-18,1.5313,-0.9
2025-02-19,1.5385,0.47
2025-02-20,1.5346,-0.25
2025-02-21,1.5512,1.08
2025-02-24,1.5491,-0.14
2025-02-25,1.5328,-1.05
2025-02-26,1.5441,0.74
2025-02-27,1.5501,0.39
2025-02-28,1.5254,-1.59
2025-03-03,1.5257,0.02
2025-03-04,1.5257,0.0
2025-03-05,1.5301,0.29
2025-03-06,1.5477,1.15
2025-03-07,1.5414,-0.41
2025-03-10,1.5365,-0.32
2025-03-11,1.5412,0.31
2025-03-12,1.5387,-0.16
2025-03-13,1.5318,-0.45
2025-03-14,1.5678,2.35
2025-03-17,1.5677,-0.01
2025-03-18,1.5729,0.33
2025-03-19,1.5738,0.06
2025-03-20,1.5621,-0.74
2025-03-21,1.5387,-1.5
2025-03-24,1.547,0.54
2025-03-25,1.5483,0.08
2025-03-26,1.5475,-0.05
2025-03-27,1.5535,0.39
2025-03-28,1.5479,-0.36
2025-03-31,1.5332,-0.95
2025-04-01,1.5351,0.12
2025-04-02,1.5347,-0.03
2025-04-03,1.5248,-0.65
2025-04-07,1.4196,-6.9
2025-04-08,1.4393,1.39
2025-04-09,1.4495,0.71
2025-04-10,1.4689,1.34
2025-04-11,1.4743,0.37
2025-04-14,1.4793,0.34
2025-04-15,1.4822,0.2
2025-04-16,1.4841,0.13
2025-04-17,1.4846,0.03
2025-04-18,1.487,0.16
2025-04-21,1.492,0.34
2025-04-22,1.4935,0.1
2025-04-23,1.4969,0.23
2025-04-24,1.4954,-0.1
2025-04-25,1.4976,0.15
2025-04-28,1.4947,-0.19
2025-04-29,1.4937,-0.07
2025-04-30,1.4925,-0.08
2025-05-06,1.5062,0.92
2025-05-07,1.5143,0.54
2025-05-08,1.5241,0.65
2025-05-09,1.5218,-0.15
2025-05-12,1.5349,0.86
2025-05-13,1.5361,0.08
2025-05-14,1.5553,1.25
2025-05-15,1.543,-0.79
2025-05-16,1.5348,-0.53
2025-05-19,1.5353,0.03
2025-05-20,1.5426,0.48
2025-05-21,1.5487,0.4
2025-05-22,1.5465,-0.14
2025-05-23,1.5319,-0.94
2025-05-26,1.5259,-0.39
2025-05-27,1.5211,-0.31
2025-05-28,1.52,-0.07
2025-05-29,1.53,0.66
2025-05-30,1.5249,-0.33
2025-06-03,1.5318,0.45
2025-06-04,1.539,0.47
2025-06-05,1.5443,0.34
2025-06-06,1.5416,-0.17
2025-06-09,1.5465,0.32
2025-06-10,1.5379,-0.56
2025-06-11,1.55,0.79
2025-06-12,1.5518,0.12
2025-06-13,1.5431,-0.56
2025-06-16,1.5464,0.21
2025-06-17,1.5426,-0.25
2025-06-18,1.545,0.16
2025-06-19,1.5321,-0.83
2025-06-20,1.5348,0.18
2025-06-23,1.5428,0.52
2025-06-24,1.5608,1.17
2025-06-25,1.5833,1.44
2025-06-26,1.5783,-0.32
2025-06-27,1.5658,-0.79
2025-06-30,1.5712,0.34
2025-07-01,1.5734,0.14
2025-07-02,1.5721,-0.08
2025-07-03,1.5811,0.57
2025-07-04,1.588,0.44
2025-07-07,1.5853,-0.17
2025-07-08,1.5966,0.71
2025-07-09,1.5978,0.08
2025-07-10,1.6057,0.49
2025-07-11,1.6082,0.16
2025-07-14,1.6105,0.14
2025-07-15,1.605,-0.34
2025-07-16,1.6032,-0.11
2025-07-17,1.6107,0.47
2025-07-18,1.6197,0.56
2025-07-21,1.6319,0.75
2025-07-22,1.6411,0.56
2025-07-23,1.6433,0.13
2025-07-24,1.6487,0.33
2025-07-25,1.6407,-0.49
2025-07-28,1.6475,0.41
2025-07-29,1.6524,0.3
2025-07-30,1.6486,-0.23
2025-07-31,1.6209,-1.68
2025-08-01,1.6167,-0.26
2025-08-04,1.6226,0.36
2025-08-05,1.6362,0.84
2025-08-06,1.6427,0.4
2025-08-07,1.6394,-0.2
2025-08-08,1.6384,-0.06
2025-08-11,1.6442,0.35
2025-08-12,1.6506,0.39
2025-08-13,1.6613,0.65
2025-08-14,1.6603,-0.06
2025-08-15,1.6734,0.79
2025-08-18,1.684,0.63
2025-08-19,1.6777,-0.37
2025-08-20,1.6913,0.81
2025-08-21,1.6975,0.37
2025-08-22,1.7302,1.93
2025-08-25,1.7636,1.93
2025-08-26,1.7575,-0.35
2025-08-27,1.7262,-1.78
2025-08-28,1.749,1.32
2025-08-29,1.7662,0.98
2025-09-01,1.7725,0.36
2025-09-02,1.762,-0.59
2025-09-03,1.7474,-0.83
2025-09-04,1.7101,-2.13
2025-09-05,1.746,2.1
2025-09-08,1.7404,-0.32
2025-09-09,1.7333,-0.41
2025-09-10,1.7369,0.21
2025-09-11,1.7781,2.37
2025-09-12,1.7714,-0.38
2025-09-15,1.7736,0.12
2025-09-16,1.7679,-0.32
2025-09-17,1.7791,0.63
2025-09-18,1.7568,-1.25
2025-09-19,1.7546,-0.13
2025-09-22,1.7611,0.37
2025-09-23,1.7622,0.06
2025-09-24,1.7803,1.03
2025-09-25,1.7891,0.49
2025-09-26,1.7784,-0.6
2025-09-29,1.806,1.55
2025-09-30,1.8136,0.42
2025-10-09,1.8397,1.44
2025-10-10,1.8113,-1.54
2025-10-13,1.8002,-0.61
2025-10-14,1.7737,-1.47
2025-10-15,1.8055,1.79
2025-10-16,1.8052,-0.02
2025-10-17,1.7632,-2.33
2025-10-20,1.7754,0.69
2025-10-21,1.8071,1.79
2025-10-22,1.8035,-0.2
2025-10-23,1.8054,0.11
2025-10-24,1.834,1.58
2025-10-27,1.8617,1.51
2025-10-28,1.8584,-0.18
2025-10-29,1.8844,1.4
2025-10-30,1.8634,-1.11
2025-10-31,1.8362,-1.46
2025-11-03,1.8327,-0.19
2025-11-04,1.8177,-0.82
2025-11-05,1.8206,0.16
2025-11-06,1.8473,1.47
2025-11-07,1.8352,-0.66
2025-11-10,1.8331,-0.11
2025-11-11,1.8134,-1.07
2025-11-12,1.8172,0.21
2025-11-13,1.8381,1.15
2025-11-14,1.8116,-1.44
2025-11-17,1.798,-0.75
2025-11-18,1.7864,-0.65
2025-11-19,1.7914,0.28
2025-11-20,1.7838,-0.42
2025-11-21,1.7398,-2.47
2025-11-24,1.7393,-0.03
2025-11-25,1.7561,0.97
2025-11-26,1.765,0.51
2025-11-27,1.7633,-0.1
2025-11-28,1.7704,0.4
2025-12-01,1.7871,0.94
2025-12-02,1.7803,-0.38
2025-12-03,1.774,-0.35
2025-12-04,1.7795,0.31
2025-12-05,1.7968,0.97
2025-12-08,1.8101,0.74
2025-12-09,1.8065,-0.2
2025-12-10,1.8061,-0.02
2025-12-11,1.7943,-0.65
2025-12-12,1.8072,0.72
2025-12-15,1.7974,-0.54
2025-12-16,1.7769,-1.14
2025-12-17,1.8137,2.07
2025-12-18,1.7993,-0.79
2025-12-19,1.8085,0.51
2025-12-22,1.8277,1.06
2025-12-23,1.8328,0.28
2025-12-24,1.8414,0.47
2025-12-25,1.8475,0.33
2025-12-26,1.8515,0.22
2025-12-29,1.8423,-0.5
2025-12-30,1.8471,0.26
2025-12-31,1.8393,-0.42
2026-01-05,1.8719,1.77
2026-01-06,1.8991,1.45
2026-01-07,1.889,-0.53
2026-01-08,1.8747,-0.76
2026-01-09,1.8863,0.62
2026-01-12,1.8951,0.47
2026-01-13,1.8897,-0.28
2026-01-14,1.883,-0.35
2026-01-15,1.8839,0.05
2026-01-16,1.8794,-0.24
2026-01-19,1.8829,0.19
2026-01-20,1.8793,-0.19
2026-01-21,1.8815,0.12
2026-01-22,1.8772,-0.23
2026-01-23,1.8748,-0.13
2026-01-26,1.8771,0.12
2026-01-27,1.8766,-0.03
2026-01-28,1.8768,0.01
2026-01-29,1.8903,0.72
2026-01-30,1.8649,-1.34
2026-02-02,1.8257,-2.1
2026-02-03,1.8529,1.49
2026-02-04,1.8697,0.91
2026-02-05,1.8599,-0.52
2026-02-06,1.8543,-0.3
2026-02-09,1.8778,1.27
2026-02-10,1.8833,0.29
2026-02-11,1.8818,-0.08
2026-02-12,1.8835,0.09
2026-02-13,1.86,-1.25
